sales_id,customer_id,product_id,composition_id,date,quantity
1959633354960,1959633357616,9306435,20011,2022-11-29 11:50:42.190018,2
1959633354992,1959949727024,10357004,4003,2022-11-29 11:50:42.702673,1
1959633355024,1959949727536,30284846,20017,2022-11-29 11:50:43.225799,2
1959633355056,1959633360272,70243873,10014,2022-11-29 11:50:43.738787,2
1959633355088,1959949728080,30275861,2002,2022-11-29 11:50:44.257008,2
1959633355120,1959633363088,20341003,1008,2022-11-29 11:50:44.768560,3
1959633355152,1959949726512,20341003,1008,2022-11-29 11:50:45.279947,1
1959633355184,1959633362512,9247257,40016,2022-11-29 11:50:45.792167,2
1959633355216,1959929227120,99277754,10010,2022-11-29 11:50:46.302627,2
1959633355248,1959926433872,90305723,2004,2022-11-29 11:50:46.806594,2
1959633355280,1959949728176,79257016,40010,2022-11-29 11:50:47.306899,3
1959633355312,1959949728368,69261882,4004,2022-11-29 11:50:47.819279,3
1959633355344,1959926433872,49297274,40013,2022-11-29 11:50:48.334792,2
1959633355376,1959633355920,10357004,4003,2022-11-29 11:50:48.847513,2
1959633355408,1959633360592,9297129,1007,2022-11-29 11:50:49.351915,2
1959633355440,1959926433872,30284846,20017,2022-11-29 11:50:49.854587,3
1959633355472,1959633357616,9297129,1007,2022-11-29 11:50:50.364566,2
1959633355504,1959949722224,70091412,1001,2022-11-29 11:50:50.868151,2
1959633355536,1959926433872,40366115,30014,2022-11-29 11:50:51.413985,1
1959633355568,1959633359536,9297129,1007,2022-11-29 11:50:51.926687,1
1959633355600,1959949723888,10357004,4003,2022-11-29 11:50:52.430835,1
1959633355632,1959633361776,19252615,2005,2022-11-29 11:50:52.932762,1
1959633355664,1959949726064,9017483,1002,2022-11-29 11:50:53.435293,3
1959633355696,1959929227120,60400745,4007,2022-11-29 11:50:53.945923,2
1959633355728,1959949726512,39286841,1003,2022-11-29 11:50:54.452508,1
1959633355760,1959633361744,30269129,2006,2022-11-29 11:50:54.965220,3
1959633355792,1959949726576,19259631,40011,2022-11-29 11:50:55.503812,2
1959633355824,1959926433872,60245844,30017,2022-11-29 11:50:56.013012,1
1959633355856,1959633362704,19305906,10016,2022-11-29 11:50:56.513837,3
1959633355888,1959949724880,49898435,3009,2022-11-29 11:50:57.018430,2
1959633355920,1959949725296,9278338,4002,2022-11-29 11:50:57.530920,2
1959633355952,1959633357392,20400243,2001,2022-11-29 11:50:58.042536,2
1959633355984,1959949725360,9306435,20011,2022-11-29 11:50:58.555018,3
1959633356016,1959949721808,39286841,1003,2022-11-29 11:50:59.065249,1
1959633356048,1959949724304,50058376,10012,2022-11-29 11:50:59.597760,3
1959633356080,1959949728144,40415465,4006,2022-11-29 11:51:00.106917,1
1959633356112,1959633357840,40415465,4006,2022-11-29 11:51:00.617368,3
1959633356144,1959949726512,39218512,20016,2022-11-29 11:51:01.126699,2
1959633356176,1959949727280,40366115,20014,2022-11-29 11:51:01.639075,1
1959633356208,1959949727760,90392046,2008,2022-11-29 11:51:02.159927,1
1959633356240,1959633360592,30284846,20017,2022-11-29 11:51:02.668316,3
1959633356272,1959949725808,80349671,30012,2022-11-29 11:51:03.176165,1
1959633356304,1959633355888,40411108,1009,2022-11-29 11:51:03.678058,1
1959633356336,1959633360368,99277754,10010,2022-11-29 11:51:04.188593,3
1959633356368,1959633359312,49277105,10011,2022-11-29 11:51:04.695893,2
1959633356400,1959949727376,9306435,20011,2022-11-29 11:51:05.202775,1
1959633356432,1959633355184,9297129,1007,2022-11-29 11:51:05.716274,3
1959633356464,1959949722736,90305723,2004,2022-11-29 11:51:06.227844,3
1959633356496,1959949726480,19252615,2005,2022-11-29 11:51:06.735154,3
1959633356528,1959633362032,39218512,20016,2022-11-29 11:51:07.250634,2
1959633356560,1959949722928,99277754,10010,2022-11-29 11:51:07.755358,3
1959633356592,1959633362128,80295526,40017,2022-11-29 11:51:08.268857,3
1959633356624,1959949728016,49221038,30015,2022-11-29 11:51:08.770038,1
1959633356656,1959926433872,50058376,10012,2022-11-29 11:51:09.283770,2
1959633356688,1959949726064,19305906,10016,2022-11-29 11:51:09.788074,2
1959633356720,1959949727664,99277754,10010,2022-11-29 11:51:10.295065,1
1959633356752,1959949725296,20312492,3006,2022-11-29 11:51:10.811636,3
1959633356784,1959633356976,20312492,3006,2022-11-29 11:51:11.327298,3
1959633356816,1959633356496,50178411,3005,2022-11-29 11:51:11.859965,1
1959633356848,1959633362576,20400243,2001,2022-11-29 11:51:12.370670,2
1959633356880,1959949725744,70243873,10014,2022-11-29 11:51:12.883177,3
1959633356912,1959949727376,30284846,20017,2022-11-29 11:51:13.396883,3
1959633356944,1959949723504,80295526,40017,2022-11-29 11:51:13.901264,3
1959633356976,1959949727696,30269129,2006,2022-11-29 11:51:14.409648,1
1959633357008,1959633359888,20229011,4005,2022-11-29 11:51:14.920523,2
1959633357040,1959633356272,80295526,40017,2022-11-29 11:51:15.434321,2
1959633357072,1959633357040,49297274,40013,2022-11-29 11:51:15.946696,1
1959633357104,1959949726576,19166180,30011,2022-11-29 11:51:16.449968,2
1959633357136,1959926433872,50415196,40015,2022-11-29 11:51:16.954052,1
1959633357168,1959633359824,99279588,4008,2022-11-29 11:51:17.465131,2
1959633357200,1959949723888,39218512,20016,2022-11-29 11:51:17.974920,2
1959633357232,1959633358064,99277754,10010,2022-11-29 11:51:18.488797,2
1959633357264,1959949727120,89239507,3008,2022-11-29 11:51:19.001538,2
1959633357296,1959949727600,30269129,2006,2022-11-29 11:51:19.510867,1
1959633357328,1959633361744,40366115,30014,2022-11-29 11:51:20.035916,1
1959633357360,1959633356496,20400243,2001,2022-11-29 11:51:20.548102,1
1959633357392,1959633357904,50461230,3001,2022-11-29 11:51:21.062108,1
1959633357424,1959633359504,89239507,3008,2022-11-29 11:51:21.570848,2
1959633357456,1959949728752,69252712,4001,2022-11-29 11:51:22.074730,3
1959633357488,1959633358672,49277105,10011,2022-11-29 11:51:22.586337,1
1959633357520,1959949727792,79276388,2003,2022-11-29 11:51:23.100273,3
1959633357552,1959633355920,19305906,10016,2022-11-29 11:51:23.613014,3
1959633357584,1959633358160,10357004,4003,2022-11-29 11:51:24.125553,3
1959633357616,1959633361424,80349671,30012,2022-11-29 11:51:24.630278,2
1959633357648,1959633355152,428974,20012,2022-11-29 11:51:25.143296,1
1959633357680,1959633358832,69252712,4001,2022-11-29 11:51:25.651016,3
1959633357712,1959633356816,90305723,2004,2022-11-29 11:51:26.164065,3
1959633357744,1959949727536,79257016,40010,2022-11-29 11:51:26.674446,1
1959633357776,1959633357904,9247257,40016,2022-11-29 11:51:27.187706,3
1959633357808,1959949727280,70091412,1001,2022-11-29 11:51:27.697326,2
1959633357840,1959949727920,19304209,3007,2022-11-29 11:51:28.206648,3
1959633357872,1959633357264,40415465,4006,2022-11-29 11:51:28.719653,3
1959633357904,1959949727536,89239507,3008,2022-11-29 11:51:29.228685,1
1959633357936,1959633362704,69252712,4001,2022-11-29 11:51:29.731641,1
1959633357968,1959633355024,50415196,40015,2022-11-29 11:51:30.238887,2
1959633358000,1959949727376,70439728,10015,2022-11-29 11:51:30.747356,3
1959633358032,1959633357200,9247257,40016,2022-11-29 11:51:31.247910,3
1959633358064,1959633359760,70091412,1001,2022-11-29 11:51:31.762846,2
1959633358096,1959949726512,19259631,40011,2022-11-29 11:51:32.277673,3
1959633358128,1959633355376,19111220,20010,2022-11-29 11:51:32.786642,1
1959633358160,1959633362672,90144730,10017,2022-11-29 11:51:33.287975,2
1959633358192,1959949727376,50415196,40015,2022-11-29 11:51:33.800072,3
1959633358224,1959633355056,20400243,2001,2022-11-29 11:51:34.305071,1
1959633358256,1959949726608,10357004,4003,2022-11-29 11:51:34.813028,3
1959633358288,1959633362992,90144730,10017,2022-11-29 11:51:35.314997,1
1959633358320,1959949727600,9297129,1007,2022-11-29 11:51:35.823206,1
1959633358352,1959949728112,10333287,1006,2022-11-29 11:51:36.326861,3
1959633358384,1959949722928,50267308,3004,2022-11-29 11:51:36.836969,1
1959633358416,1959949721904,70268811,3002,2022-11-29 11:51:37.349720,1
1959633358448,1959633356976,30269129,2006,2022-11-29 11:51:37.855908,1
1959633358480,1959633355376,49297274,40013,2022-11-29 11:51:38.370924,2
1959633358512,1959633361264,80349671,30012,2022-11-29 11:51:38.872621,2
1959633358544,1959633361520,70091412,1001,2022-11-29 11:51:39.385136,1
1959633358576,1959633362736,50461230,3001,2022-11-29 11:51:39.891058,1
1959633358608,1959949723888,19252615,2005,2022-11-29 11:51:40.406094,1
1959633358640,1959633361840,19166180,30011,2022-11-29 11:51:40.914356,3
1959633358672,1959949727184,99279588,4008,2022-11-29 11:51:41.417544,1
1959633358704,1959633361136,89239507,3008,2022-11-29 11:51:41.926388,3
1959633358736,1959633357488,20341003,1008,2022-11-29 11:51:42.438899,1
1959633358768,1959633360496,39218512,20016,2022-11-29 11:51:42.943315,2
1959633358800,1959633358800,50267308,3004,2022-11-29 11:51:43.448518,2
1959633358832,1959633355600,50461230,3001,2022-11-29 11:51:43.954991,3
1959633358864,1959949723888,9208029,20015,2022-11-29 11:51:44.467169,2
1959633358896,1959633360080,70439728,10015,2022-11-29 11:51:44.970863,3
1959633358928,1959633354992,9161569,40012,2022-11-29 11:51:45.475098,2
1959633358960,1959633355600,20400243,2001,2022-11-29 11:51:45.977692,2
1959633358992,1959633361584,79257016,40010,2022-11-29 11:51:46.481704,3
1959633359024,1959633355952,90144730,10017,2022-11-29 11:51:46.996051,1
1959633359056,1959633356656,70268811,3002,2022-11-29 11:51:47.504494,1
1959633359088,1959949725328,29304223,10013,2022-11-29 11:51:48.007862,3
1959633359120,1959633356016,20312492,3006,2022-11-29 11:51:48.514592,1
1959633359152,1959633359504,50267308,3004,2022-11-29 11:51:49.034894,2
1959633359184,1959949721904,39286153,2009,2022-11-29 11:51:49.548863,3
1959633359216,1959633354992,50267308,3004,2022-11-29 11:51:50.049108,1
1959633359248,1959949724464,49898435,3009,2022-11-29 11:51:50.551596,2
1959633359280,1959633360432,39286841,1003,2022-11-29 11:51:51.057288,1
1959633359312,1959949726448,69252712,4001,2022-11-29 11:51:51.569272,1
1959633359344,1959949727184,80295526,40017,2022-11-29 11:51:52.073746,1
1959633359376,1959633361840,99277754,10010,2022-11-29 11:51:52.584868,2
1959633359408,1959949722928,19252615,2005,2022-11-29 11:51:53.094845,2
1959633359440,1959633360624,40366115,20014,2022-11-29 11:51:53.609034,1
1959633359472,1959949724912,50461230,3001,2022-11-29 11:51:54.122538,3
1959633359504,1959633357808,10091453,1005,2022-11-29 11:51:54.626446,2
1959633359536,1959949728176,40411108,1009,2022-11-29 11:51:55.139454,3
1959633359568,1959949728528,90420332,30013,2022-11-29 11:51:55.643249,1
1959633359600,1959633361328,70268811,3002,2022-11-29 11:51:56.156465,1
1959633359632,1959633359056,80393372,40014,2022-11-29 11:51:56.661158,1
1959633359664,1959633359984,80349671,30012,2022-11-29 11:51:57.170762,3
1959633359696,1959633358384,19259631,40011,2022-11-29 11:51:57.671345,1
1959633359728,1959949726032,60400745,4007,2022-11-29 11:51:58.192976,3
1959633359760,1959633360592,19111220,20010,2022-11-29 11:51:58.705595,1
1959633359792,1959949727696,9208029,20015,2022-11-29 11:51:59.212768,3
1959633359824,1959633361328,19252615,2005,2022-11-29 11:51:59.719643,3
1959633359856,1959949728496,20312492,3006,2022-11-29 11:52:00.224933,2
1959633359888,1959949727600,69252712,4001,2022-11-29 11:52:00.738416,3
1959633359920,1959633355408,10091453,1005,2022-11-29 11:52:01.253871,2
1959633359952,1959633355920,39286153,2009,2022-11-29 11:52:01.758120,1
1959633359984,1959949721712,29304223,10013,2022-11-29 11:52:02.286434,1
1959633360016,1959633359024,9208029,20015,2022-11-29 11:52:02.796338,2
1959633360048,1959926433872,29304223,10013,2022-11-29 11:52:03.311057,1
1959633360080,1959949726800,70091412,1001,2022-11-29 11:52:03.820837,2
1959633360112,1959633355536,30269129,2006,2022-11-29 11:52:04.327746,1
1959633360144,1959633357520,39286153,2009,2022-11-29 11:52:04.828340,2
1959633360176,1959633356592,70091412,1001,2022-11-29 11:52:05.341488,3
1959633360208,1959949725744,80349671,30012,2022-11-29 11:52:05.846703,1
1959633360240,1959633355056,9278338,4002,2022-11-29 11:52:06.392437,2
1959633360272,1959633359184,80295526,40017,2022-11-29 11:52:06.895746,2
1959633360304,1959633355856,99277754,10010,2022-11-29 11:52:07.405866,3
1959633360336,1959949726032,69261882,4004,2022-11-29 11:52:07.914722,3
1959633360368,1959633360848,99279588,4008,2022-11-29 11:52:08.427939,3
1959633360400,1959949723888,20229011,4005,2022-11-29 11:52:08.935797,2
1959633360432,1959633357584,69252712,4001,2022-11-29 11:52:09.443043,3
1959633360464,1959633357008,400545,20013,2022-11-29 11:52:09.953938,2
1959633360496,1959949728176,60245844,30017,2022-11-29 11:52:10.477806,3
1959633360528,1959633359408,9278338,4002,2022-11-29 11:52:10.983400,1
1959633360560,1959949723152,400545,20013,2022-11-29 11:52:11.490357,1
1959633360592,1959633358608,19304209,3007,2022-11-29 11:52:11.998689,1
1959633360624,1959633362448,40366115,30014,2022-11-29 11:52:12.506462,2
1959633360656,1959633362544,80349671,30012,2022-11-29 11:52:13.015529,3
1959633360688,1959633356144,19305906,10016,2022-11-29 11:52:13.527757,1
1959633360720,1959949726384,400545,20013,2022-11-29 11:52:14.031682,1
1959633360752,1959949726384,39286841,1003,2022-11-29 11:52:14.560526,2
1959633360784,1959949726992,10333287,1006,2022-11-29 11:52:15.076183,2
1959633360816,1959949727984,39218512,20016,2022-11-29 11:52:15.582519,3
1959633360848,1959949723152,9161569,40012,2022-11-29 11:52:16.095411,2
1959633360880,1959633359600,30284846,20017,2022-11-29 11:52:16.599433,1
1959633360912,1959926433872,19111220,20010,2022-11-29 11:52:17.104571,1
1959633360944,1959633355408,29304223,10013,2022-11-29 11:52:17.619288,2
1959633360976,1959633356784,29306302,30016,2022-11-29 11:52:18.132818,3
1959633361008,1959949721712,19305906,10016,2022-11-29 11:52:18.646715,2
1959633361040,1959949725744,49006425,1004,2022-11-29 11:52:19.150940,3
1959633361072,1959633362896,70439728,10015,2022-11-29 11:52:19.665276,1
1959633361104,1959926433872,30269129,2006,2022-11-29 11:52:20.177959,3
1959633361136,1959949726480,49277105,10011,2022-11-29 11:52:20.690550,1
1959633361168,1959633361456,50461230,3001,2022-11-29 11:52:21.196318,2
1959633361200,1959949728720,29306302,30016,2022-11-29 11:52:21.710674,2
1959633361232,1959633355024,60400745,4007,2022-11-29 11:52:22.215676,1
1959633361264,1959633356176,19305906,10016,2022-11-29 11:52:22.734307,3
1959633361296,1959633355824,30269129,2006,2022-11-29 11:52:23.242613,1
1959633361328,1959633356560,40366115,30014,2022-11-29 11:52:23.753935,1
1959633361360,1959949728240,19304209,3007,2022-11-29 11:52:24.257421,1
1959633361392,1959633361808,20312492,3006,2022-11-29 11:52:24.770207,2
1959633361424,1959949728080,20229011,4005,2022-11-29 11:52:25.271957,2
1959633361456,1959633355920,400545,20013,2022-11-29 11:52:25.777187,1
1959633361488,1959633361744,29304223,10013,2022-11-29 11:52:26.286013,3
1959633361520,1959633361520,9161569,40012,2022-11-29 11:52:26.794843,2
1959633361552,1959633355568,19304209,3007,2022-11-29 11:52:27.304738,2
1959633361584,1959949724880,39286153,2009,2022-11-29 11:52:27.809589,1
1959633361616,1959633356528,10091453,1005,2022-11-29 11:52:28.323272,1
1959633361648,1959633360080,40366115,30014,2022-11-29 11:52:28.838008,1
1959633361680,1959633356080,40411108,1009,2022-11-29 11:52:29.345506,3
1959633361712,1959949722768,20312492,3006,2022-11-29 11:52:29.858290,1
1959633361744,1959949727792,89239507,3008,2022-11-29 11:52:30.371153,2
1959633361776,1959633361840,40366115,20014,2022-11-29 11:52:30.912013,1
1959633361808,1959949721712,19304209,3007,2022-11-29 11:52:31.419275,3
1959633361840,1959633361264,20312492,3006,2022-11-29 11:52:31.919606,2
1959633361872,1959949726608,9278338,4002,2022-11-29 11:52:32.424707,3
1959633361904,1959633358992,9017483,1002,2022-11-29 11:52:32.937662,1
1959633361936,1959633359696,29306302,30016,2022-11-29 11:52:33.446260,3
1959633361968,1959633360432,40366115,20014,2022-11-29 11:52:33.961241,3
1959633362000,1959949726224,9247257,40016,2022-11-29 11:52:34.502021,2
1959633362032,1959633360464,19252615,2005,2022-11-29 11:52:35.012351,1
1959633362064,1959633357136,90392046,2008,2022-11-29 11:52:35.518844,3
1959633362096,1959633357168,60400745,4007,2022-11-29 11:52:36.022810,1
1959633362128,1959949722768,50415196,40015,2022-11-29 11:52:36.534037,3
1959633362160,1959633358352,20400243,2001,2022-11-29 11:52:37.037504,2
1959633362192,1959949727120,20229011,4005,2022-11-29 11:52:37.538017,2
1959633362224,1959633362128,40411108,1009,2022-11-29 11:52:38.048162,3
1959633362256,1959633361008,70439728,10015,2022-11-29 11:52:38.548162,3
1959633362288,1959633362832,70091412,1001,2022-11-29 11:52:39.071715,2
1959633362320,1959949723888,9208029,20015,2022-11-29 11:52:39.584201,3
1959633362352,1959633359888,30284846,20017,2022-11-29 11:52:40.086037,3
1959633362384,1959949727376,69261882,4004,2022-11-29 11:52:40.595639,1
1959633362416,1959949728208,19111220,20010,2022-11-29 11:52:41.102443,2
1959633362448,1959633361488,90420332,30013,2022-11-29 11:52:41.611201,1
1959633362480,1959949728016,80349671,30012,2022-11-29 11:52:42.122343,3
1959633362512,1959633355856,99279588,4008,2022-11-29 11:52:42.622817,2
1959633362544,1959633356592,50443627,3003,2022-11-29 11:52:43.125196,2
1959633362576,1959949726800,80393372,40014,2022-11-29 11:52:43.625435,2
1959633362608,1959949722736,70243873,10014,2022-11-29 11:52:44.146754,1
1959633362640,1959633357040,20400243,2001,2022-11-29 11:52:44.656635,3
1959633362672,1959949728112,40366115,20014,2022-11-29 11:52:45.171829,3
1959633362704,1959633360304,20400243,2001,2022-11-29 11:52:45.680791,3
1959633362736,1959633356272,50443627,3003,2022-11-29 11:52:46.186737,3
1959633362768,1959949727376,60400745,4007,2022-11-29 11:52:46.692398,2
1959633362800,1959633359504,29304223,10013,2022-11-29 11:52:47.207068,1
1959633362832,1959949722768,428974,20012,2022-11-29 11:52:47.712043,1
1959633362864,1959633356528,60246080,2007,2022-11-29 11:52:48.220347,2
1959633362896,1959949728528,10357004,4003,2022-11-29 11:52:48.733211,3
1959633362928,1959949725456,70091412,1001,2022-11-29 11:52:49.243945,3
1959633362960,1959633362128,50415196,40015,2022-11-29 11:52:49.749304,2
1959633362992,1959633362992,9306435,20011,2022-11-29 11:52:50.262943,2
1959633363024,1959633358768,99279588,4008,2022-11-29 11:52:50.767113,2
1959633363056,1959949724880,20312492,3006,2022-11-29 11:52:51.278362,2
1959633363088,1959949727600,29306302,30016,2022-11-29 11:52:51.792080,2
1959633363120,1959633357232,90144730,10017,2022-11-29 11:52:52.296669,3
1959633363152,1959926433872,70439728,10015,2022-11-29 11:52:52.808610,2
1959950300432,1959949723856,89239507,3008,2022-11-29 11:52:53.314575,2
1959950299664,1959949726448,19305906,10016,2022-11-29 11:52:53.825884,2
1959950300272,1959633361296,90420332,30013,2022-11-29 11:52:54.331435,1
1959950300560,1959949722864,29304223,10013,2022-11-29 11:52:54.841073,3
1959950299664,1959949723888,90144730,10017,2022-11-29 11:52:55.356390,2
1959950300272,1959949725808,69261882,4004,2022-11-29 11:52:55.861038,2
1959950299504,1959633354992,9247257,40016,2022-11-29 11:52:56.375560,2
1959950300688,1959949727632,49006425,1004,2022-11-29 11:52:56.880720,2
1959950300272,1959949728560,90144730,10017,2022-11-29 11:52:57.381399,2
1959950300368,1959949726384,9306435,20011,2022-11-29 11:52:57.897238,1
1959950299696,1959633356080,59048397,4009,2022-11-29 11:52:58.405428,2
1959950300336,1959633360112,70268811,3002,2022-11-29 11:52:58.920764,2
1959950300368,1959949725808,29304223,10013,2022-11-29 11:52:59.423677,3
1959950299696,1959633356496,79276388,2003,2022-11-29 11:52:59.931470,1
1959950300624,1959633362192,9278338,4002,2022-11-29 11:53:00.436349,1
1959950300368,1959949728016,428974,20012,2022-11-29 11:53:00.944344,2
1959950299696,1959926433872,20229011,4005,2022-11-29 11:53:01.455055,2
1959950299664,1959949727024,20400243,2001,2022-11-29 11:53:01.956684,3
1959950300432,1959633361040,30269129,2006,2022-11-29 11:53:02.457215,3
1959950299504,1959633360272,9306435,20011,2022-11-29 11:53:02.960231,2
1959950299664,1959949725360,70439728,10015,2022-11-29 11:53:03.464534,1
1959950300432,1959633362576,39286841,1003,2022-11-29 11:53:03.969507,2
1959950300304,1959949726448,70268811,3002,2022-11-29 11:53:04.480467,1
1959950299664,1959949723888,19111220,20010,2022-11-29 11:53:05.024348,2
1959950300336,1959633359408,9278338,4002,2022-11-29 11:53:05.526413,1
1959950300080,1959633362544,70268811,3002,2022-11-29 11:53:06.032026,1
1959950299664,1959949726448,20312492,3006,2022-11-29 11:53:06.549067,2
1959950300336,1959949727184,59048397,4009,2022-11-29 11:53:07.055475,2
1959950300368,1959949724880,10333287,1006,2022-11-29 11:53:07.570732,2
1959950300304,1959633356240,50267308,3004,2022-11-29 11:53:08.076690,1
1959950300720,1959633357008,90305723,2004,2022-11-29 11:53:08.583142,2
1959950300368,1959949725456,60400745,4007,2022-11-29 11:53:09.115763,1
1959950300304,1959633357392,49297274,40013,2022-11-29 11:53:09.620345,1
1959950300688,1959949724912,20341003,1008,2022-11-29 11:53:10.137669,2
1959950300368,1959949725328,19304209,3007,2022-11-29 11:53:10.653090,3
1959950300240,1959949726608,10091453,1005,2022-11-29 11:53:11.160000,2
1959950300080,1959949722736,20400243,2001,2022-11-29 11:53:11.660869,3
1959950300496,1959949723856,60400745,4007,2022-11-29 11:53:12.171349,2
1959950300528,1959633362992,90392046,2008,2022-11-29 11:53:12.671771,2
1959950300656,1959633355792,80295526,40017,2022-11-29 11:53:13.193766,3
1959950300496,1959949727568,90392046,2008,2022-11-29 11:53:13.698987,3
1959950300528,1959633361808,60245844,30017,2022-11-29 11:53:14.203907,3
1959950300752,1959633356720,10091453,1005,2022-11-29 11:53:14.719103,3
1959950300496,1959949725296,29306302,30016,2022-11-29 11:53:15.232763,2
1959950300528,1959633356688,70268811,3002,2022-11-29 11:53:15.738635,3
1959950300304,1959949728016,60246080,2007,2022-11-29 11:53:16.241426,1
1959950300496,1959633358672,20400243,2001,2022-11-29 11:53:16.746702,3
1959950300368,1959949727280,89239507,3008,2022-11-29 11:53:17.280581,2
1959950300304,1959949725744,19252615,2005,2022-11-29 11:53:17.784112,1
1959950300272,1959633361776,9278338,4002,2022-11-29 11:53:18.286579,1
1959950300720,1959633359280,90392046,2008,2022-11-29 11:53:18.796271,1
1959950300304,1959949728816,19252615,2005,2022-11-29 11:53:19.310378,3
1959950300272,1959949728336,428974,20012,2022-11-29 11:53:19.822038,2
1959950300816,1959949727792,10091453,1005,2022-11-29 11:53:20.334592,3
1959950300528,1959633359824,400545,20013,2022-11-29 11:53:20.848636,1
1959950300752,1959949727696,80349671,30012,2022-11-29 11:53:21.367264,2
1959950300816,1959633360240,19304209,3007,2022-11-29 11:53:21.871216,3
1959950299504,1959926433872,59048397,4009,2022-11-29 11:53:22.384557,3
1959950300752,1959949727600,70243873,10014,2022-11-29 11:53:22.890044,3
1959950300496,1959949727120,39216754,30010,2022-11-29 11:53:23.404234,1
1959950300368,1959633357456,80295526,40017,2022-11-29 11:53:23.912477,3
1959950300432,1959949724912,50415196,40015,2022-11-29 11:53:24.421243,1
1959950300496,1959929227120,80349671,30012,2022-11-29 11:53:24.933958,1
1959950300720,1959633356752,60400745,4007,2022-11-29 11:53:25.439078,3
1959950300304,1959633359440,9278338,4002,2022-11-29 11:53:25.944392,2
1959950300496,1959633362544,69252712,4001,2022-11-29 11:53:26.453620,3
1959950300720,1959633360912,10333287,1006,2022-11-29 11:53:26.959281,1
1959950300304,1959633359152,90392046,2008,2022-11-29 11:53:27.471410,3
1959950300496,1959949722768,40415465,4006,2022-11-29 11:53:27.972297,2
1959950300720,1959949728560,400545,20013,2022-11-29 11:53:28.479167,2
1959950299504,1959949724880,90420332,30013,2022-11-29 11:53:28.982490,2
1959950300752,1959949728016,10333287,1006,2022-11-29 11:53:29.487238,3
1959950300656,1959949721808,9161569,40012,2022-11-29 11:53:30.007655,3
1959950300368,1959633356848,39286841,1003,2022-11-29 11:53:30.514784,1
1959950300432,1959633356304,9161569,40012,2022-11-29 11:53:31.024799,1
1959950300656,1959949728272,19304209,3007,2022-11-29 11:53:31.533203,1
1959950300368,1959633358192,9208029,20015,2022-11-29 11:53:32.039292,2
1959950300528,1959949727664,50443627,3003,2022-11-29 11:53:32.542258,1
1959950300656,1959633361616,99277754,10010,2022-11-29 11:53:33.044744,3
1959950300816,1959633359120,49006425,1004,2022-11-29 11:53:33.550584,1
1959950300528,1959633355440,9306435,20011,2022-11-29 11:53:34.059058,2
1959950300656,1959633355696,29304223,10013,2022-11-29 11:53:34.562170,2
1959950300816,1959949728080,90392046,2008,2022-11-29 11:53:35.078185,1
1959950300528,1959949725040,428974,20012,2022-11-29 11:53:35.593515,2
1959950300752,1959633362672,50267308,3004,2022-11-29 11:53:36.128529,1
1959950300784,1959633358992,40415465,4006,2022-11-29 11:53:36.634041,3
1959950300528,1959949726992,79276388,2003,2022-11-29 11:53:37.142581,3
1959950300752,1959949723504,70091412,1001,2022-11-29 11:53:37.642590,2
1959950300240,1959949727760,39218512,20016,2022-11-29 11:53:38.148297,2
1959950300368,1959633358544,39286841,1003,2022-11-29 11:53:38.650238,3
1959950300304,1959926433872,9297129,1007,2022-11-29 11:53:39.161172,3
1959950300240,1959633359024,39286841,1003,2022-11-29 11:53:39.674998,1
1959950300816,1959633356976,400545,20013,2022-11-29 11:53:40.188553,3
1959950300304,1959633355280,19111220,20010,2022-11-29 11:53:40.693709,1
1959950300240,1959949724048,49277105,10011,2022-11-29 11:53:41.201749,2
1959950300816,1959633355440,19305906,10016,2022-11-29 11:53:41.714265,3
1959950300688,1959949722224,50443627,3003,2022-11-29 11:53:42.217503,2
1959950300240,1959949724880,29306302,30016,2022-11-29 11:53:42.719526,2
1959950300784,1959633360624,49898435,3009,2022-11-29 11:53:43.227143,3
1959950300528,1959949728496,10333287,1006,2022-11-29 11:53:43.730378,2
1959950300240,1959949722928,20400243,2001,2022-11-29 11:53:44.238597,1
1959950300496,1959633359408,40411108,1009,2022-11-29 11:53:44.738885,1
1959950300368,1959633359024,40415465,4006,2022-11-29 11:53:45.248095,1
1959950300240,1959633359408,59048397,4009,2022-11-29 11:53:45.758545,2
1959950300496,1959633357328,89239507,3008,2022-11-29 11:53:46.270861,2
1959950300368,1959949726448,19304209,3007,2022-11-29 11:53:46.815592,1
1959950300240,1959949723504,70091412,1001,2022-11-29 11:53:47.323408,1
1959950300432,1959633359312,10357004,4003,2022-11-29 11:53:47.831066,3
1959950300816,1959633358928,90392046,2008,2022-11-29 11:53:48.344610,2
1959950300240,1959633362832,70439728,10015,2022-11-29 11:53:48.848654,3
1959950300432,1959949725808,70439728,10015,2022-11-29 11:53:49.359101,3
1959950300816,1959949723888,50415196,40015,2022-11-29 11:53:49.860324,1
1959950300528,1959949727280,400545,20013,2022-11-29 11:53:50.369426,3
1959950299504,1959949727600,40411108,1009,2022-11-29 11:53:50.881682,1
1959950300656,1959949722928,10333287,1006,2022-11-29 11:53:51.391458,3
1959950300272,1959633360656,20229011,4005,2022-11-29 11:53:51.894909,3
1959950300304,1959949727792,90144730,10017,2022-11-29 11:53:52.408513,1
1959950300656,1959949723888,19259631,40011,2022-11-29 11:53:52.915940,3
1959950300784,1959633357648,79257016,40010,2022-11-29 11:53:53.423581,3
1959950300688,1959949727600,50461230,3001,2022-11-29 11:53:53.938769,1
1959950300656,1959633359984,50267308,3004,2022-11-29 11:53:54.447667,2
1959950300368,1959633361264,70439728,10015,2022-11-29 11:53:54.955829,2
1959950300688,1959633354992,19259631,40011,2022-11-29 11:53:55.464675,2
1959950300656,1959633355984,30284846,20017,2022-11-29 11:53:55.965323,2
1959950300368,1959633355472,80393372,40014,2022-11-29 11:53:56.479021,1
1959950300688,1959949725360,39286841,1003,2022-11-29 11:53:56.995189,1
1959950300656,1959949727824,40411108,1009,2022-11-29 11:53:57.497060,2
1959950300496,1959633359952,70091412,1001,2022-11-29 11:53:58.002459,2
1959950300272,1959633358992,20229011,4005,2022-11-29 11:53:58.510815,2
1959950300656,1959949725040,79276388,2003,2022-11-29 11:53:59.015223,3
1959950300496,1959633356144,39286841,1003,2022-11-29 11:53:59.562553,2
1959950300784,1959949721712,60245844,30017,2022-11-29 11:54:00.075714,3
1959950300656,1959949727760,40366115,30014,2022-11-29 11:54:00.583578,1
1959950300432,1959633361360,70243873,10014,2022-11-29 11:54:01.084517,2
1959950300816,1959949728560,90305723,2004,2022-11-29 11:54:01.586338,3
1959950300656,1959926433872,39286153,2009,2022-11-29 11:54:02.101249,2
1959950299504,1959949726384,30275861,2002,2022-11-29 11:54:02.601777,1
1959950300368,1959633358448,50415196,40015,2022-11-29 11:54:03.113101,3
1959950300688,1959949727952,80349671,30012,2022-11-29 11:54:03.621709,1
1959950299504,1959949728016,9297129,1007,2022-11-29 11:54:04.134039,3
1959950300752,1959633355504,90420332,30013,2022-11-29 11:54:04.639156,1
1959950300272,1959633359152,20341003,1008,2022-11-29 11:54:05.139322,3
1959950299504,1959949726448,30275861,2002,2022-11-29 11:54:05.646013,2
1959950300752,1959633355856,80349671,30012,2022-11-29 11:54:06.152289,2
1959950300784,1959633359824,70268811,3002,2022-11-29 11:54:06.652784,3
1959950299504,1959633358640,20312492,3006,2022-11-29 11:54:07.166643,3
1959950300752,1959949727376,9247257,40016,2022-11-29 11:54:07.679755,1
1959950300784,1959949726608,60400745,4007,2022-11-29 11:54:08.194207,3
1959950300656,1959949727792,20341003,1008,2022-11-29 11:54:08.695735,1
1959950300304,1959949726384,20229011,4005,2022-11-29 11:54:09.203747,1
1959950300368,1959949724880,50058376,10012,2022-11-29 11:54:09.714076,3
1959950300688,1959633356496,59048397,4009,2022-11-29 11:54:10.220842,2
1959950300240,1959633360816,40415465,4006,2022-11-29 11:54:10.726763,2
1959950300368,1959949723856,60245844,30017,2022-11-29 11:54:11.237993,3
1959950300688,1959633355024,20341003,1008,2022-11-29 11:54:11.750164,3
1959950300528,1959949728368,80295526,40017,2022-11-29 11:54:12.264422,1
1959950300368,1959633359472,99277754,10010,2022-11-29 11:54:12.777224,2
1959950300816,1959633362704,49898435,3009,2022-11-29 11:54:13.292330,1
1959950300528,1959633355440,39286841,1003,2022-11-29 11:54:13.804751,2
1959950300368,1959949728016,49221038,30015,2022-11-29 11:54:14.309045,1
1959950300816,1959633356976,30269129,2006,2022-11-29 11:54:14.812213,3
1959950300656,1959949728240,29306302,30016,2022-11-29 11:54:15.326917,3
1959950300368,1959926433872,19304209,3007,2022-11-29 11:54:15.832054,1
1959950300496,1959633362992,80295526,40017,2022-11-29 11:54:16.336199,2
1959950300272,1959949726544,30275861,2002,2022-11-29 11:54:16.841655,1
1959950300368,1959633363088,80349671,30012,2022-11-29 11:54:17.349522,1
1959950300432,1959633357232,49898435,3009,2022-11-29 11:54:17.853192,3
1959950300272,1959633359984,30275861,2002,2022-11-29 11:54:18.354845,1
1959950300368,1959633356432,29304223,10013,2022-11-29 11:54:18.868529,2
1959950300432,1959633360976,20312492,3006,2022-11-29 11:54:19.379323,3
1959950300272,1959949725296,49297274,40013,2022-11-29 11:54:19.889337,3
1959950300368,1959633359856,19252615,2005,2022-11-29 11:54:20.399324,3
1959950300880,1959633356016,19166180,30011,2022-11-29 11:54:20.909992,1
1959950299504,1959926433872,9306435,20011,2022-11-29 11:54:21.421011,1
1959950300368,1959949728016,9161569,40012,2022-11-29 11:54:21.933093,3
1959950300912,1959633358160,30284846,20017,2022-11-29 11:54:22.441158,2
1959950300528,1959633360336,50058376,10012,2022-11-29 11:54:22.956590,3
1959950300368,1959633358320,428974,20012,2022-11-29 11:54:23.461112,1
1959950300912,1959949727184,70268811,3002,2022-11-29 11:54:23.962659,2
1959950300528,1959949725456,19111220,20010,2022-11-29 11:54:24.472406,1
1959950301008,1959949722960,90392046,2008,2022-11-29 11:54:24.977841,2
1959950299504,1959949722928,29306302,30016,2022-11-29 11:54:25.492417,2
1959950300656,1959633357424,30275861,2002,2022-11-29 11:54:25.995764,2
1959950301040,1959633357392,50415196,40015,2022-11-29 11:54:26.498233,3
1959950299504,1959949725808,19304209,3007,2022-11-29 11:54:27.005228,2
1959950300656,1959633359824,39216754,30010,2022-11-29 11:54:27.520256,3
1959950301072,1959949725744,80393372,40014,2022-11-29 11:54:28.026338,3
1959950299504,1959949728336,90144730,10017,2022-11-29 11:54:28.530029,2
1959950300592,1959949723856,50267308,3004,2022-11-29 11:54:29.053326,1
1959950300304,1959949724464,19259631,40011,2022-11-29 11:54:29.564777,2
1959950300976,1959949727600,9017483,1002,2022-11-29 11:54:30.065390,2
1959950301040,1959633359888,39218512,20016,2022-11-29 11:54:30.571184,3
1959950299664,1959633356848,39286153,2009,2022-11-29 11:54:31.071756,2
1959950300976,1959949726608,20341003,1008,2022-11-29 11:54:31.576725,1
1959950301040,1959633356304,9161569,40012,2022-11-29 11:54:32.088606,2
1959950300720,1959633357296,50058376,10012,2022-11-29 11:54:32.611629,2
1959950300976,1959633356368,99279588,4008,2022-11-29 11:54:33.113194,3
1959950301040,1959949728016,39218512,20016,2022-11-29 11:54:33.623394,3
1959950300720,1959633360400,90144730,10017,2022-11-29 11:54:34.126871,1
1959950300912,1959949727824,70268811,3002,2022-11-29 11:54:34.634840,3
1959950301200,1959633361616,70091412,1001,2022-11-29 11:54:35.150045,2
1959950301360,1959633360816,9278338,4002,2022-11-29 11:54:35.665424,2
1959950300912,1959633358800,90392046,2008,2022-11-29 11:54:36.180290,2
1959950301200,1959949728048,60245844,30017,2022-11-29 11:54:36.694244,3
1959950301360,1959926433872,79276388,2003,2022-11-29 11:54:37.197509,3
1959950301968,1959633362160,19111220,20010,2022-11-29 11:54:37.719701,3
1959950300080,1959633357776,29306302,30016,2022-11-29 11:54:38.250206,3
1959950301360,1959949727664,60246080,2007,2022-11-29 11:54:38.763717,1
1959950301968,1959633360848,50058376,10012,2022-11-29 11:54:39.273277,2
1959950301008,1959949727600,19305906,10016,2022-11-29 11:54:39.786802,3
1959950301360,1959633355536,9247257,40016,2022-11-29 11:54:40.296348,3
1959950301872,1959633359216,99279588,4008,2022-11-29 11:54:40.796390,1
1959950301008,1959949726064,10091453,1005,2022-11-29 11:54:41.302763,2
1959950301360,1959926433872,49898435,3009,2022-11-29 11:54:41.808055,3
1959950302000,1959949728624,40411108,1009,2022-11-29 11:54:42.312014,3
1959950300912,1959633361552,9247257,40016,2022-11-29 11:54:42.814415,1
1959950301328,1959633358544,9017483,1002,2022-11-29 11:54:43.324833,2
1959950302000,1959949726608,9247257,40016,2022-11-29 11:54:43.838685,3
1959950300912,1959633355056,19166180,30011,2022-11-29 11:54:44.345942,2
1959950300080,1959926433872,49006425,1004,2022-11-29 11:54:44.848024,2
1959950302000,1959949728560,20229011,4005,2022-11-29 11:54:45.351922,2
1959950301968,1959949722224,90392046,2008,2022-11-29 11:54:45.889392,1
1959950301840,1959633362256,69261882,4004,2022-11-29 11:54:46.390240,3
1959950301776,1959633360752,50058376,10012,2022-11-29 11:54:46.900462,2
1959950301968,1959949728496,49297274,40013,2022-11-29 11:54:47.404932,1
1959950301840,1959949725328,70091412,1001,2022-11-29 11:54:47.919867,2
1959950301360,1959926433872,80295526,40017,2022-11-29 11:54:48.430534,1
1959950302032,1959633362864,10357004,4003,2022-11-29 11:54:48.945952,2
1959950301936,1959949722928,39216754,30010,2022-11-29 11:54:49.449432,2
1959950301328,1959633362992,19305906,10016,2022-11-29 11:54:49.994948,2
1959950302096,1959949728432,30275861,2002,2022-11-29 11:54:50.496329,2
1959950301936,1959949725360,10333287,1006,2022-11-29 11:54:51.003268,1
1959950300912,1959633356560,70439728,10015,2022-11-29 11:54:51.506300,1
1959950302000,1959633355728,99279588,4008,2022-11-29 11:54:52.020539,2
1959950301936,1959633355376,50058376,10012,2022-11-29 11:54:52.530784,2
1959950300912,1959949728304,50443627,3003,2022-11-29 11:54:53.043610,3
1959950302000,1959633357488,49277105,10011,2022-11-29 11:54:53.546236,2
1959950301744,1959949722224,39286153,2009,2022-11-29 11:54:54.061620,2
1959950300912,1959633357072,50058376,10012,2022-11-29 11:54:54.562174,1
1959950300080,1959633357392,19111220,20010,2022-11-29 11:54:55.075340,3
1959950301744,1959633358032,19111220,20010,2022-11-29 11:54:55.578318,2
1959950300912,1959633357072,80393372,40014,2022-11-29 11:54:56.082652,2
1959950300080,1959949723152,99279588,4008,2022-11-29 11:54:56.587107,2
1959950301744,1959949725808,49297274,40013,2022-11-29 11:54:57.094147,2
1959950301872,1959949726224,10333287,1006,2022-11-29 11:54:57.609025,2
1959950301680,1959633361200,60400745,4007,2022-11-29 11:54:58.110237,1
1959950301008,1959949728144,19259631,40011,2022-11-29 11:54:58.614157,2
1959950301872,1959949723312,79257016,40010,2022-11-29 11:54:59.126212,2
1959950301840,1959633363088,20400243,2001,2022-11-29 11:54:59.632376,2
1959950302000,1959949728112,50178411,3005,2022-11-29 11:55:00.145784,1
1959950301872,1959926433872,40411108,1009,2022-11-29 11:55:00.654432,1
1959950301776,1959633362000,30275861,2002,2022-11-29 11:55:01.157901,1
1959950301328,1959949726864,400545,20013,2022-11-29 11:55:01.666066,1
1959950301872,1959949727376,70243873,10014,2022-11-29 11:55:02.170569,3
1959950301008,1959949727376,79257016,40010,2022-11-29 11:55:02.674052,1
1959950301328,1959633361328,20312492,3006,2022-11-29 11:55:03.186757,1
1959950302160,1959633358064,9247257,40016,2022-11-29 11:55:03.699249,1
1959950301008,1959949724976,9306435,20011,2022-11-29 11:55:04.208334,2
1959950301328,1959633360816,49221038,30015,2022-11-29 11:55:04.723185,1
1959950302320,1959949725808,80349671,30012,2022-11-29 11:55:05.233851,1
1959950301008,1959949727696,99277754,10010,2022-11-29 11:55:05.735752,1
1959950301680,1959949722960,79257016,40010,2022-11-29 11:55:06.237392,1
1959950300080,1959633356432,80393372,40014,2022-11-29 11:55:06.750848,3
1959950301968,1959949722224,19111220,20010,2022-11-29 11:55:07.264306,3
1959950301680,1959949726608,90420332,30013,2022-11-29 11:55:07.786235,2
1959950302224,1959949727792,70091412,1001,2022-11-29 11:55:08.301098,2
1959950301168,1959949728816,70091412,1001,2022-11-29 11:55:08.815221,2
1959950302000,1959949724880,19259631,40011,2022-11-29 11:55:09.315460,1
1959950302256,1959949723888,70091412,1001,2022-11-29 11:55:09.826742,2
1959950302288,1959633358736,70268811,3002,2022-11-29 11:55:10.332483,2
1959950300080,1959633359408,39286153,2009,2022-11-29 11:55:10.845673,3
1959950302256,1959633358160,9247257,40016,2022-11-29 11:55:11.349216,3
1959950302288,1959926433872,89239507,3008,2022-11-29 11:55:11.854192,1
1959950300080,1959926433872,90305723,2004,2022-11-29 11:55:12.364592,2
1959950302032,1959633357136,49006425,1004,2022-11-29 11:55:12.867623,1
1959950302224,1959926433872,19304209,3007,2022-11-29 11:55:13.380616,1
1959950300080,1959926433872,19166180,30011,2022-11-29 11:55:13.884928,3
1959950301328,1959633360432,10333287,1006,2022-11-29 11:55:14.392681,3
1959950301808,1959949726480,79257016,40010,2022-11-29 11:55:14.895795,1
1959950300080,1959949728528,9247257,40016,2022-11-29 11:55:15.399583,2
1959950302000,1959633360080,49297274,40013,2022-11-29 11:55:15.911411,1
1959950301744,1959949722928,19259631,40011,2022-11-29 11:55:16.421908,2
1959950300080,1959633359632,30284846,20017,2022-11-29 11:55:16.928564,3
1959950301008,1959949725040,50058376,10012,2022-11-29 11:55:17.434320,1
1959950301744,1959633356016,19111220,20010,2022-11-29 11:55:17.949281,1
1959950302288,1959633358320,400545,20013,2022-11-29 11:55:18.460897,1
1959950301008,1959949722736,90420332,30013,2022-11-29 11:55:18.972341,2
1959950301744,1959949727920,60400745,4007,2022-11-29 11:55:19.483068,2
1959950302224,1959926433872,70268811,3002,2022-11-29 11:55:19.998746,1
1959950301168,1959949724304,29306302,30016,2022-11-29 11:55:20.507699,3
1959950301328,1959633358608,90144730,10017,2022-11-29 11:55:21.013643,3
1959950302256,1959949727824,49898435,3009,2022-11-29 11:55:21.525549,2
1959950301168,1959949728560,10357004,4003,2022-11-29 11:55:22.032458,2
1959950302000,1959633359760,20229011,4005,2022-11-29 11:55:22.546969,2
1959950301808,1959926433872,99277754,10010,2022-11-29 11:55:23.057564,1
1959950301168,1959949721712,69261882,4004,2022-11-29 11:55:23.564850,3
1959950302160,1959949721712,19166180,30011,2022-11-29 11:55:24.098272,1
1959950302032,1959949726448,39216754,30010,2022-11-29 11:55:24.613240,1
1959950302288,1959633358864,40411108,1009,2022-11-29 11:55:25.127871,2
1959950301680,1959949723312,49277105,10011,2022-11-29 11:55:25.639330,2
1959950302032,1959949726576,9161569,40012,2022-11-29 11:55:26.154512,1
1959950302224,1959926433872,70243873,10014,2022-11-29 11:55:26.658076,1
1959950301008,1959633358480,70268811,3002,2022-11-29 11:55:27.163546,2
1959950301328,1959949728144,50443627,3003,2022-11-29 11:55:27.664282,3
1959950302224,1959633355536,19259631,40011,2022-11-29 11:55:28.175023,3
1959950300080,1959633362192,90420332,30013,2022-11-29 11:55:28.679834,2
1959950301328,1959949727952,19259631,40011,2022-11-29 11:55:29.229502,1
1959950302224,1959633356400,20229011,4005,2022-11-29 11:55:29.737035,1
1959950301168,1959949726384,50178411,3005,2022-11-29 11:55:30.247936,2
1959950301328,1959633356752,50178411,3005,2022-11-29 11:55:30.753981,1
1959950301744,1959949723312,19252615,2005,2022-11-29 11:55:31.256197,2
1959950301168,1959949725456,9161569,40012,2022-11-29 11:55:31.767004,1
1959950301680,1959633361008,400545,20013,2022-11-29 11:55:32.275026,3
1959950302032,1959949724048,19304209,3007,2022-11-29 11:55:32.785147,2
1959950301168,1959633356784,60246080,2007,2022-11-29 11:55:33.287076,1
1959950301008,1959633360816,90144730,10017,2022-11-29 11:55:33.788830,2
1959950302032,1959949726032,69261882,4004,2022-11-29 11:55:34.300114,3
1959950301168,1959926433872,19252615,2005,2022-11-29 11:55:34.822653,1
1959950300080,1959949725296,9306435,20011,2022-11-29 11:55:35.331381,3
1959950302160,1959633355984,50415196,40015,2022-11-29 11:55:35.845936,1
1959950302224,1959949727184,9278338,4002,2022-11-29 11:55:36.354743,2
1959950300080,1959926433872,20312492,3006,2022-11-29 11:55:36.869391,3
1959950301328,1959949721808,39218512,20016,2022-11-29 11:55:37.374003,3
1959950301744,1959926433872,39286841,1003,2022-11-29 11:55:37.888678,2
1959950302256,1959949726608,19111220,20010,2022-11-29 11:55:38.402707,1
1959950301680,1959949721712,49221038,30015,2022-11-29 11:55:38.906617,2
1959950302000,1959633358800,9247257,40016,2022-11-29 11:55:39.408983,1
1959950301808,1959633358672,10333287,1006,2022-11-29 11:55:39.920877,1
1959950301680,1959633360464,428974,20012,2022-11-29 11:55:40.442249,2
1959950302000,1959949724656,60400745,4007,2022-11-29 11:55:40.953795,3
1959950301808,1959633357968,60245844,30017,2022-11-29 11:55:41.462857,1
1959950302288,1959949723312,80349671,30012,2022-11-29 11:55:41.970008,1
1959950302000,1959949727184,9247257,40016,2022-11-29 11:55:42.481278,1
1959950302224,1959949727824,49006425,1004,2022-11-29 11:55:42.987397,3
1959950300080,1959633362768,20229011,4005,2022-11-29 11:55:43.497426,3
1959950301328,1959633360560,19259631,40011,2022-11-29 11:55:44.008508,3
1959950302224,1959633357584,19305906,10016,2022-11-29 11:55:44.537714,2
1959950300080,1959926433872,99277754,10010,2022-11-29 11:55:45.045496,3
1959950301328,1959633354992,50058376,10012,2022-11-29 11:55:45.545756,3
1959950302032,1959633363088,30269129,2006,2022-11-29 11:55:46.082449,2
1959950300080,1959633361424,29306302,30016,2022-11-29 11:55:46.585336,2
1959950301328,1959633359728,20400243,2001,2022-11-29 11:55:47.096761,2
1959950302032,1959633357744,40366115,20014,2022-11-29 11:55:47.611386,3
1959950300080,1959633356560,40366115,30014,2022-11-29 11:55:48.127013,3
1959950301328,1959633360944,60245844,30017,2022-11-29 11:55:48.637286,3
1959950302032,1959633358832,39218512,20016,2022-11-29 11:55:49.144371,1
1959950300080,1959949726800,90144730,10017,2022-11-29 11:55:49.649514,2
1959950301328,1959949724976,69261882,4004,2022-11-29 11:55:50.161337,3
1959950301008,1959633355088,89239507,3008,2022-11-29 11:55:50.663609,2
1959950302224,1959949724304,79257016,40010,2022-11-29 11:55:51.167923,2
1959950301328,1959949725008,40411108,1009,2022-11-29 11:55:51.696813,1
1959950301680,1959949722928,30284846,20017,2022-11-29 11:55:52.203564,2
1959950302160,1959633362800,80295526,40017,2022-11-29 11:55:52.741392,1
1959950301808,1959633357584,10333287,1006,2022-11-29 11:55:53.254904,1
1959950301680,1959949727600,39286153,2009,2022-11-29 11:55:53.768223,1
1959950302160,1959633358320,19252615,2005,2022-11-29 11:55:54.271576,2
1959950301744,1959633361680,19166180,30011,2022-11-29 11:55:54.780220,1
1959950301680,1959949726928,60400745,4007,2022-11-29 11:55:55.293609,1
1959950302160,1959633358000,69261882,4004,2022-11-29 11:55:55.800231,3
1959950300080,1959949725040,50058376,10012,2022-11-29 11:55:56.305025,2
1959950301680,1959949727632,29304223,10013,2022-11-29 11:55:56.834726,1
1959950301008,1959633356208,30275861,2002,2022-11-29 11:55:57.342820,2
1959950302224,1959949728240,9278338,4002,2022-11-29 11:55:57.854556,3
1959950301680,1959633361904,29304223,10013,2022-11-29 11:55:58.367216,1
1959950302288,1959633354960,50415196,40015,2022-11-29 11:55:58.870155,3
1959950302224,1959633361936,49297274,40013,2022-11-29 11:55:59.380248,3
1959950301680,1959949722864,30275861,2002,2022-11-29 11:55:59.883523,1
1959950302288,1959949726544,30284846,20017,2022-11-29 11:56:00.387885,1
1959950302032,1959633355952,9278338,4002,2022-11-29 11:56:00.923794,3
1959950301744,1959926433872,59048397,4009,2022-11-29 11:56:01.436603,3
1959950302288,1959949728176,50058376,10012,2022-11-29 11:56:01.945873,1
1959950302160,1959949727664,49006425,1004,2022-11-29 11:56:02.454705,1
1959950300080,1959949728176,50267308,3004,2022-11-29 11:56:02.961820,3
1959950301328,1959633357744,40415465,4006,2022-11-29 11:56:03.476118,2
1959950301008,1959633361264,9278338,4002,2022-11-29 11:56:03.981945,2
1959950300080,1959949726800,19305906,10016,2022-11-29 11:56:04.493589,1
1959950301328,1959633362000,400545,20013,2022-11-29 11:56:05.027601,2
1959950302256,1959633361840,50267308,3004,2022-11-29 11:56:05.538535,1
1959950300080,1959949724976,39286153,2009,2022-11-29 11:56:06.044586,1
1959950301328,1959949728432,80393372,40014,2022-11-29 11:56:06.559510,3
1959950301168,1959949726064,90420332,30013,2022-11-29 11:56:07.072298,2
1959950302032,1959633357904,19304209,3007,2022-11-29 11:56:07.585116,3
1959950301744,1959633358160,20400243,2001,2022-11-29 11:56:08.091709,3
1959950301168,1959949727376,50267308,3004,2022-11-29 11:56:08.595612,1
1959950302032,1959633355856,50058376,10012,2022-11-29 11:56:09.098537,2
1959950302000,1959633362416,9297129,1007,2022-11-29 11:56:09.604848,2
1959950301168,1959633356592,9161569,40012,2022-11-29 11:56:10.114978,3
1959950302032,1959633360464,10091453,1005,2022-11-29 11:56:10.624372,3
1959950302000,1959633361968,50415196,40015,2022-11-29 11:56:11.132112,1
1959950301168,1959633362192,60400745,4007,2022-11-29 11:56:11.644608,1
1959950302032,1959949728048,39218512,20016,2022-11-29 11:56:12.149044,1
1959950302000,1959949727952,39286841,1003,2022-11-29 11:56:12.663446,2
1959950301328,1959633361296,19305906,10016,2022-11-29 11:56:13.187072,2
1959950302288,1959949727664,9017483,1002,2022-11-29 11:56:13.691054,2
1959950302000,1959633360752,20229011,4005,2022-11-29 11:56:14.204575,3
1959950301744,1959949727120,50267308,3004,2022-11-29 11:56:14.715504,1
1959950302288,1959949726064,9297129,1007,2022-11-29 11:56:15.219063,2
1959950301008,1959949726448,10333287,1006,2022-11-29 11:56:15.722857,1
1959950302224,1959633359824,70268811,3002,2022-11-29 11:56:16.234556,3
1959950301680,1959949723312,79257016,40010,2022-11-29 11:56:16.747417,2
1959950301008,1959633355408,400545,20013,2022-11-29 11:56:17.258384,3
1959950300080,1959633358224,39216754,30010,2022-11-29 11:56:17.768955,3
1959950301680,1959949728048,70439728,10015,2022-11-29 11:56:18.276480,2
1959950301008,1959949723312,90144730,10017,2022-11-29 11:56:18.781139,3
1959950302160,1959949728560,70439728,10015,2022-11-29 11:56:19.291011,1
1959950301328,1959949728176,10091453,1005,2022-11-29 11:56:19.805289,3
1959950301808,1959949727568,80295526,40017,2022-11-29 11:56:20.317012,3
1959950302000,1959633360976,10091453,1005,2022-11-29 11:56:20.832150,3
1959950302224,1959633360912,9017483,1002,2022-11-29 11:56:21.368498,2
1959950301808,1959633361936,9297129,1007,2022-11-29 11:56:21.875654,3
1959950302000,1959949727376,9017483,1002,2022-11-29 11:56:22.385774,2
1959950302224,1959633361168,60245844,30017,2022-11-29 11:56:22.891576,2
1959950301168,1959633359248,30269129,2006,2022-11-29 11:56:23.406667,3
1959950302000,1959633357232,9161569,40012,2022-11-29 11:56:23.918324,3
1959950302224,1959949726032,9278338,4002,2022-11-29 11:56:24.420403,2
1959950301168,1959949723376,30269129,2006,2022-11-29 11:56:24.920658,1
1959950301008,1959926433872,60400745,4007,2022-11-29 11:56:25.466803,2
1959950302160,1959633362544,40415465,4006,2022-11-29 11:56:25.980993,1
1959950301328,1959633355344,70268811,3002,2022-11-29 11:56:26.493946,2
1959950301008,1959633360720,70243873,10014,2022-11-29 11:56:27.011593,1
1959950302160,1959633355760,49221038,30015,2022-11-29 11:56:27.513763,3
1959950301328,1959949726032,20341003,1008,2022-11-29 11:56:28.024406,3
1959950301008,1959949727824,9208029,20015,2022-11-29 11:56:28.532365,1
1959950302000,1959949726576,89239507,3008,2022-11-29 11:56:29.044123,2
1959950300080,1959949726544,428974,20012,2022-11-29 11:56:29.547488,2
1959950301680,1959949728016,30284846,20017,2022-11-29 11:56:30.060323,3
1959950302288,1959949727280,29306302,30016,2022-11-29 11:56:30.575247,2
1959950302224,1959633358480,79276388,2003,2022-11-29 11:56:31.076226,3
1959950301168,1959949726608,20400243,2001,2022-11-29 11:56:31.582589,3
1959950302288,1959949728048,49297274,40013,2022-11-29 11:56:32.096930,3
1959950302256,1959633362576,19304209,3007,2022-11-29 11:56:32.609418,1
1959950301744,1959949727280,39286841,1003,2022-11-29 11:56:33.121757,3
1959950302288,1959633359664,80349671,30012,2022-11-29 11:56:33.625677,2
1959950302160,1959949726544,9161569,40012,2022-11-29 11:56:34.136110,1
1959950301744,1959633360304,30269129,2006,2022-11-29 11:56:34.647470,3
1959950301008,1959633361168,50443627,3003,2022-11-29 11:56:35.151994,3
1959950302160,1959949726608,80349671,30012,2022-11-29 11:56:35.658448,2
1959950301744,1959949728784,29306302,30016,2022-11-29 11:56:36.168564,3
1959950301680,1959633356240,79276388,2003,2022-11-29 11:56:36.682811,1
1959950302032,1959949728496,80393372,40014,2022-11-29 11:56:37.195126,1
1959950301744,1959633356208,39218512,20016,2022-11-29 11:56:37.723916,3
1959950301168,1959633360560,19111220,20010,2022-11-29 11:56:38.227533,3
1959950302032,1959949726032,30275861,2002,2022-11-29 11:56:38.739116,2
1959950301744,1959949728176,10091453,1005,2022-11-29 11:56:39.248682,1
1959950301328,1959949723888,19305906,10016,2022-11-29 11:56:39.753974,2
1959950302288,1959633356208,40415465,4006,2022-11-29 11:56:40.267662,1
1959950302000,1959633356080,99277754,10010,2022-11-29 11:56:40.771121,3
1959950301328,1959926433872,40366115,20014,2022-11-29 11:56:41.284725,1
1959950302288,1959633361680,49006425,1004,2022-11-29 11:56:41.810750,3
1959950302160,1959633358896,20229011,4005,2022-11-29 11:56:42.313677,2
1959950301328,1959949727792,9278338,4002,2022-11-29 11:56:42.824435,1
1959950302288,1959633358448,9297129,1007,2022-11-29 11:56:43.343474,3
1959950301808,1959949723888,29304223,10013,2022-11-29 11:56:43.846738,1
1959950301328,1959633362672,39286153,2009,2022-11-29 11:56:44.358557,3
1959950301168,1959949727376,9297129,1007,2022-11-29 11:56:44.871621,1
1959950301808,1959633361552,59048397,4009,2022-11-29 11:56:45.385587,1
1959950301744,1959633358096,39216754,30010,2022-11-29 11:56:45.907434,1
1959950301168,1959633358864,19111220,20010,2022-11-29 11:56:46.419312,2
1959950301808,1959949724048,40366115,20014,2022-11-29 11:56:46.925833,3
1959950301744,1959633360528,19252615,2005,2022-11-29 11:56:47.433771,2
1959950302224,1959633361776,89239507,3008,2022-11-29 11:56:47.947837,2
1959950301808,1959949725328,19111220,20010,2022-11-29 11:56:48.461856,1
1959950301744,1959949722224,30284846,20017,2022-11-29 11:56:48.974968,2
1959950302256,1959633357968,9278338,4002,2022-11-29 11:56:49.489415,2
1959950302288,1959633359184,400545,20013,2022-11-29 11:56:50.004591,3
1959950301744,1959949725360,20341003,1008,2022-11-29 11:56:50.513612,2
1959950302256,1959633362320,70091412,1001,2022-11-29 11:56:51.014675,2
1959950300080,1959949726544,10357004,4003,2022-11-29 11:56:51.527537,1
1959950301744,1959949725904,9297129,1007,2022-11-29 11:56:52.041711,2
1959950302000,1959633358096,20341003,1008,2022-11-29 11:56:52.543344,3
1959950301168,1959633357264,60246080,2007,2022-11-29 11:56:53.052373,2
1959950301744,1959949726512,428974,20012,2022-11-29 11:56:53.559372,2
1959950302000,1959633362736,10091453,1005,2022-11-29 11:56:54.087939,3
1959950302224,1959949728176,29304223,10013,2022-11-29 11:56:54.590559,2
1959950301744,1959633356496,29304223,10013,2022-11-29 11:56:55.098184,1
1959950302032,1959633355280,9208029,20015,2022-11-29 11:56:55.602126,2
1959950302224,1959633360112,99279588,4008,2022-11-29 11:56:56.114024,2
1959950301744,1959633362608,79276388,2003,2022-11-29 11:56:56.621893,2
1959950302032,1959949725744,90392046,2008,2022-11-29 11:56:57.125674,3
1959950302224,1959949724048,40415465,4006,2022-11-29 11:56:57.638077,3
1959950300080,1959633356752,20341003,1008,2022-11-29 11:56:58.178059,2
1959950301680,1959949726064,9161569,40012,2022-11-29 11:56:58.690068,3
1959950302224,1959633362960,40366115,20014,2022-11-29 11:56:59.204946,1
1959950301168,1959949727376,49297274,40013,2022-11-29 11:56:59.718363,1
1959950301680,1959949728176,99277754,10010,2022-11-29 11:57:00.233693,2
1959950302000,1959633358416,90392046,2008,2022-11-29 11:57:00.739812,3
1959950301328,1959949725936,50178411,3005,2022-11-29 11:57:01.246187,1
1959950301680,1959949723888,40411108,1009,2022-11-29 11:57:01.757594,1
1959950301008,1959949722672,90420332,30013,2022-11-29 11:57:02.264653,3
1959950302256,1959633357296,39218512,20016,2022-11-29 11:57:02.768113,1
1959950301744,1959633357392,40366115,30014,2022-11-29 11:57:03.279678,1
1959950301008,1959949728752,90420332,30013,2022-11-29 11:57:03.793027,2
1959950302256,1959633359120,99279588,4008,2022-11-29 11:57:04.303995,2
1959950300080,1959949724880,49006425,1004,2022-11-29 11:57:04.818912,2
1959950301008,1959633360368,99279588,4008,2022-11-29 11:57:05.326124,1
1959950302000,1959949723504,79257016,40010,2022-11-29 11:57:05.827442,2
1959950300080,1959949723312,50443627,3003,2022-11-29 11:57:06.347858,1
1959950302288,1959633361904,20312492,3006,2022-11-29 11:57:06.855684,3
1959950302224,1959949728048,50443627,3003,2022-11-29 11:57:07.361803,2
1959950300080,1959633357232,9278338,4002,2022-11-29 11:57:07.872055,3
1959950301680,1959949728464,10333287,1006,2022-11-29 11:57:08.376451,2
1959950302224,1959633356592,80393372,40014,2022-11-29 11:57:08.885352,3
1959950302160,1959633360880,9278338,4002,2022-11-29 11:57:09.392090,3
1959950301680,1959633362256,90144730,10017,2022-11-29 11:57:09.897061,3
1959950302224,1959633356304,39286841,1003,2022-11-29 11:57:10.434477,3
1959950302160,1959633360016,39286153,2009,2022-11-29 11:57:10.945708,3
1959950301680,1959949728528,49277105,10011,2022-11-29 11:57:11.456029,1
1959950302224,1959949727536,50058376,10012,2022-11-29 11:57:11.960862,3
1959950302000,1959633355632,9306435,20011,2022-11-29 11:57:12.470035,3
1959950301328,1959633357168,29304223,10013,2022-11-29 11:57:12.982661,3
1959950302224,1959633361520,49277105,10011,2022-11-29 11:57:13.497126,1
1959950302000,1959949722960,60245844,30017,2022-11-29 11:57:14.011886,1
1959950301328,1959633357296,60246080,2007,2022-11-29 11:57:14.543691,3
1959950301744,1959633359888,80349671,30012,2022-11-29 11:57:15.059072,1
1959950302000,1959633359440,20400243,2001,2022-11-29 11:57:15.562763,3
1959950301328,1959949728464,30284846,20017,2022-11-29 11:57:16.070794,3
1959950301744,1959633362800,50058376,10012,2022-11-29 11:57:16.579167,1
1959950301008,1959949726032,30269129,2006,2022-11-29 11:57:17.093615,2
1959950301328,1959633358416,69261882,4004,2022-11-29 11:57:17.606866,3
1959950301680,1959949728080,79257016,40010,2022-11-29 11:57:18.111318,2
1959950301008,1959949726032,9017483,1002,2022-11-29 11:57:18.623654,1
1959950302032,1959949724976,39286841,1003,2022-11-29 11:57:19.135361,3
1959950300080,1959633362480,10091453,1005,2022-11-29 11:57:19.636323,1
1959950302224,1959633361040,40415465,4006,2022-11-29 11:57:20.141348,1
1959950302032,1959633360688,90420332,30013,2022-11-29 11:57:20.652133,3
1959950300080,1959949725040,50415196,40015,2022-11-29 11:57:21.156656,3
1959950302224,1959633358384,20229011,4005,2022-11-29 11:57:21.665802,2
1959950302000,1959949726064,50443627,3003,2022-11-29 11:57:22.178699,2
1959950300080,1959633356560,80295526,40017,2022-11-29 11:57:22.684419,3
1959950301744,1959949726448,19304209,3007,2022-11-29 11:57:23.193566,1
1959950302000,1959949725040,59048397,4009,2022-11-29 11:57:23.699635,1
1959950301808,1959949723216,80349671,30012,2022-11-29 11:57:24.210398,2
1959950302384,1959949728176,80295526,40017,2022-11-29 11:57:24.715191,2
1959950302160,1959633363120,69261882,4004,2022-11-29 11:57:25.227400,2
1959950301008,1959949726544,49006425,1004,2022-11-29 11:57:25.732913,2
1959950302384,1959949728240,39286841,1003,2022-11-29 11:57:26.243545,3
1959950300080,1959633359984,19111220,20010,2022-11-29 11:57:26.752059,2
1959950301936,1959949727120,20341003,1008,2022-11-29 11:57:27.260928,2
1959950302384,1959949724976,40415465,4006,2022-11-29 11:57:27.776141,2
1959950301680,1959633357872,49277105,10011,2022-11-29 11:57:28.285809,2
1959950302288,1959633362416,9297129,1007,2022-11-29 11:57:28.790398,2
1959950302384,1959633360208,9208029,20015,2022-11-29 11:57:29.290730,2
1959950301680,1959633361840,9297129,1007,2022-11-29 11:57:29.802615,3
1959950302288,1959949728016,40415465,4006,2022-11-29 11:57:30.319009,3
1959950302384,1959926433872,19305906,10016,2022-11-29 11:57:30.833647,2
1959950302256,1959949727632,80349671,30012,2022-11-29 11:57:31.337582,1
1959950302160,1959949726384,20341003,1008,2022-11-29 11:57:31.851699,1
1959950301008,1959633362224,40415465,4006,2022-11-29 11:57:32.364893,3
1959950301328,1959633356304,20229011,4005,2022-11-29 11:57:32.872120,2
1959950302160,1959949728656,50058376,10012,2022-11-29 11:57:33.379842,2
1959950301008,1959633361712,70439728,10015,2022-11-29 11:57:33.892027,1
1959950302032,1959633355792,40411108,1009,2022-11-29 11:57:34.402624,3
1959950302160,1959633357616,69252712,4001,2022-11-29 11:57:34.913088,1
1959950301008,1959633363120,80349671,30012,2022-11-29 11:57:35.418113,3
1959950302032,1959949726480,39218512,20016,2022-11-29 11:57:35.920212,2
1959950302160,1959633360016,10357004,4003,2022-11-29 11:57:36.427305,1
1959950302288,1959949722224,39286153,2009,2022-11-29 11:57:36.932543,1
1959950302032,1959926433872,10091453,1005,2022-11-29 11:57:37.437875,3
1959950302256,1959633359600,89239507,3008,2022-11-29 11:57:37.949893,2
1959950300080,1959633360560,9306435,20011,2022-11-29 11:57:38.463136,3
1959950302032,1959633362000,60400745,4007,2022-11-29 11:57:38.977354,3
1959950302256,1959633355568,20341003,1008,2022-11-29 11:57:39.490872,1
1959950300080,1959633356176,70439728,10015,2022-11-29 11:57:39.997395,2
1959950302032,1959949725456,29304223,10013,2022-11-29 11:57:40.498965,3
1959950302256,1959633357680,79257016,40010,2022-11-29 11:57:41.007580,3
1959950301680,1959949726384,39286841,1003,2022-11-29 11:57:41.515861,2
1959950302032,1959949722768,79257016,40010,2022-11-29 11:57:42.025491,3
1959950302384,1959949725808,20341003,1008,2022-11-29 11:57:42.537396,3
1959950302160,1959949725360,80349671,30012,2022-11-29 11:57:43.050390,3
1959950302288,1959949727696,19252615,2005,2022-11-29 11:57:43.560644,2
1959950301936,1959633361488,19259631,40011,2022-11-29 11:57:44.061275,1
1959950301328,1959633359984,69261882,4004,2022-11-29 11:57:44.576236,3
1959950302288,1959633356688,30269129,2006,2022-11-29 11:57:45.083824,2
1959950301936,1959633362832,80393372,40014,2022-11-29 11:57:45.592687,1
1959950301328,1959949723504,49277105,10011,2022-11-29 11:57:46.100091,3
1959950302288,1959633357840,70268811,3002,2022-11-29 11:57:46.604730,1
1959950301008,1959949725360,50415196,40015,2022-11-29 11:57:47.109738,1
1959950301328,1959949723152,20229011,4005,2022-11-29 11:57:47.620937,2
1959950301680,1959633361840,428974,20012,2022-11-29 11:57:48.121577,1
1959950302032,1959633361520,10333287,1006,2022-11-29 11:57:48.634102,3
1959950301328,1959949725296,90305723,2004,2022-11-29 11:57:49.136057,3
1959950301680,1959633359824,50415196,40015,2022-11-29 11:57:49.638823,1
1959950301744,1959949726448,20312492,3006,2022-11-29 11:57:50.153849,1
1959950301328,1959949726192,19305906,10016,2022-11-29 11:57:50.668673,2
1959950301808,1959949723888,50443627,3003,2022-11-29 11:57:51.181390,3
1959950300080,1959633361840,19304209,3007,2022-11-29 11:57:51.694011,2
1959950301936,1959949725456,20229011,4005,2022-11-29 11:57:52.195264,2
1959950301808,1959949724912,50058376,10012,2022-11-29 11:57:52.713828,1
1959950302288,1959949726608,99279588,4008,2022-11-29 11:57:53.220657,1
1959950301008,1959633357872,40366115,20014,2022-11-29 11:57:53.726310,1
1959950302384,1959633361232,9208029,20015,2022-11-29 11:57:54.226628,2
1959950302288,1959949727536,70091412,1001,2022-11-29 11:57:54.736086,1
1959950301008,1959633356400,90420332,30013,2022-11-29 11:57:55.251575,1
1959950302000,1959633360368,40411108,1009,2022-11-29 11:57:55.765012,2
1959950302288,1959926433872,19252615,2005,2022-11-29 11:57:56.269037,3
1959950301008,1959633357520,50267308,3004,2022-11-29 11:57:56.788364,1
1959950301328,1959926433872,60245844,30017,2022-11-29 11:57:57.299913,1
1959950302288,1959633360848,19259631,40011,2022-11-29 11:57:57.808848,2
1959950302160,1959633360592,9247257,40016,2022-11-29 11:57:58.321447,2
1959950301328,1959633355824,50267308,3004,2022-11-29 11:57:58.837035,1
1959950302288,1959949726064,50178411,3005,2022-11-29 11:57:59.351180,2
1959950302160,1959633362832,39216754,30010,2022-11-29 11:57:59.859277,3
1959950302032,1959633363088,9247257,40016,2022-11-29 11:58:00.362166,2
1959950302288,1959949727280,70091412,1001,2022-11-29 11:58:00.894306,1
1959950302160,1959633356048,70091412,1001,2022-11-29 11:58:01.396644,3
1959950301744,1959949728176,69261882,4004,2022-11-29 11:58:01.906560,2
1959950302288,1959633363120,50178411,3005,2022-11-29 11:58:02.418706,2
1959950302256,1959949725904,50058376,10012,2022-11-29 11:58:02.919483,2
1959950301744,1959633356336,69252712,4001,2022-11-29 11:58:03.423527,2
1959950301936,1959949727280,19166180,30011,2022-11-29 11:58:03.934251,1
1959950302256,1959949725296,9247257,40016,2022-11-29 11:58:04.440234,2
1959950300080,1959633355792,70439728,10015,2022-11-29 11:58:04.959102,1
1959950301328,1959633362512,19304209,3007,2022-11-29 11:58:05.476903,3
1959950302256,1959949722928,19259631,40011,2022-11-29 11:58:05.991663,1
1959950300080,1959633356688,20341003,1008,2022-11-29 11:58:06.502686,1
1959950302032,1959633361200,19252615,2005,2022-11-29 11:58:07.014250,2
1959950302256,1959949721808,9297129,1007,2022-11-29 11:58:07.518195,1
1959950300080,1959633362000,428974,20012,2022-11-29 11:58:08.018548,2
1959950301008,1959949727792,70268811,3002,2022-11-29 11:58:08.519916,3
1959950302256,1959633356176,9017483,1002,2022-11-29 11:58:09.033838,3
1959950301808,1959949726544,99279588,4008,2022-11-29 11:58:09.553394,3
1959950301008,1959633357200,39286841,1003,2022-11-29 11:58:10.075967,2
1959950301936,1959633363120,9278338,4002,2022-11-29 11:58:10.577034,3
1959950301808,1959926433872,49898435,3009,2022-11-29 11:58:11.084147,3
1959950301008,1959633356560,50415196,40015,2022-11-29 11:58:11.590134,2
1959950301328,1959949722224,50178411,3005,2022-11-29 11:58:12.099331,2
1959950301808,1959633356400,49221038,30015,2022-11-29 11:58:12.599482,3
1959950302160,1959633358192,40415465,4006,2022-11-29 11:58:13.100298,2
1959950301328,1959633355376,39218512,20016,2022-11-29 11:58:13.602416,2
1959950301808,1959633360400,80393372,40014,2022-11-29 11:58:14.115018,3
1959950302160,1959926433872,9161569,40012,2022-11-29 11:58:14.617686,2
1959950301328,1959633357392,90144730,10017,2022-11-29 11:58:15.133116,2
1959950302256,1959949723888,29306302,30016,2022-11-29 11:58:15.634670,3
1959950302160,1959633355856,19259631,40011,2022-11-29 11:58:16.147073,3
1959950301680,1959633357168,90420332,30013,2022-11-29 11:58:16.654532,1
1959950302256,1959633361072,80349671,30012,2022-11-29 11:58:17.164693,3
1959950302160,1959949727792,20341003,1008,2022-11-29 11:58:17.665486,3
1959950301680,1959949727024,90144730,10017,2022-11-29 11:58:18.167402,1
1959950302032,1959633358352,90392046,2008,2022-11-29 11:58:18.681972,1
1959950302288,1959926433872,59048397,4009,2022-11-29 11:58:19.197211,3
1959950301680,1959949728528,59048397,4009,2022-11-29 11:58:19.701456,2
1959950301744,1959633356208,39218512,20016,2022-11-29 11:58:20.202506,3
1959950301808,1959949725328,9306435,20011,2022-11-29 11:58:20.703413,3
1959950301680,1959633357872,19111220,20010,2022-11-29 11:58:21.204389,1
1959950301328,1959949728144,10091453,1005,2022-11-29 11:58:21.715428,1
1959950301808,1959633355984,9278338,4002,2022-11-29 11:58:22.229865,1
1959950302000,1959633357808,30269129,2006,2022-11-29 11:58:22.743520,1
1959950301328,1959633362000,30269129,2006,2022-11-29 11:58:23.247109,2
1959950301808,1959633355888,49277105,10011,2022-11-29 11:58:23.761867,3
1959950302000,1959949726448,9161569,40012,2022-11-29 11:58:24.262446,1
1959950301328,1959633358032,70091412,1001,2022-11-29 11:58:24.763480,3
1959950301744,1959949726448,49297274,40013,2022-11-29 11:58:25.264123,3
1959950302000,1959949724976,19166180,30011,2022-11-29 11:58:25.776810,1
1959950302384,1959633356848,80393372,40014,2022-11-29 11:58:26.279667,3
1959950302032,1959949723312,50415196,40015,2022-11-29 11:58:26.793384,1
1959950302000,1959949724336,10357004,4003,2022-11-29 11:58:27.308417,3
1959950301680,1959926433872,39286153,2009,2022-11-29 11:58:27.811162,1
1959950301008,1959633355728,30284846,20017,2022-11-29 11:58:28.325916,3
1959950302256,1959949726608,49898435,3009,2022-11-29 11:58:28.825943,2
1959950301680,1959633356656,39218512,20016,2022-11-29 11:58:29.340766,3
1959950300080,1959949728304,60245844,30017,2022-11-29 11:58:29.844366,2
1959950302256,1959633357840,19304209,3007,2022-11-29 11:58:30.359283,1
1959950302288,1959949723152,30275861,2002,2022-11-29 11:58:30.876236,1
1959950300080,1959949725808,70268811,3002,2022-11-29 11:58:31.377692,3
1959950301744,1959633360400,30275861,2002,2022-11-29 11:58:31.879263,1
1959950301936,1959949723216,39216754,30010,2022-11-29 11:58:32.382547,3
1959950300080,1959926433872,60245844,30017,2022-11-29 11:58:32.897324,2
1959950302032,1959633360080,39286153,2009,2022-11-29 11:58:33.398557,3
1959950302000,1959633361136,428974,20012,2022-11-29 11:58:33.916239,1
1959950300080,1959633355216,39216754,30010,2022-11-29 11:58:34.424658,2
1959950302032,1959949724304,50178411,3005,2022-11-29 11:58:34.942698,3
1959950302000,1959926433872,400545,20013,2022-11-29 11:58:35.453180,1
1959950301680,1959633362064,59048397,4009,2022-11-29 11:58:35.966923,3
1959950301328,1959633362640,40411108,1009,2022-11-29 11:58:36.474452,3
1959950302000,1959633357968,30275861,2002,2022-11-29 11:58:36.989429,2
1959950301680,1959633360176,39218512,20016,2022-11-29 11:58:37.489820,1
1959950301328,1959949724336,99279588,4008,2022-11-29 11:58:37.990061,1
1959950302000,1959949727600,9306435,20011,2022-11-29 11:58:38.492628,1
1959950301936,1959949728176,9247257,40016,2022-11-29 11:58:39.005353,1
1959950302160,1959949727632,40415465,4006,2022-11-29 11:58:39.510870,3
1959950301008,1959633355088,49898435,3009,2022-11-29 11:58:40.021603,3
1959950301808,1959949727792,20341003,1008,2022-11-29 11:58:40.536049,1
1959950302160,1959949728016,70268811,3002,2022-11-29 11:58:41.039419,2
1959950302032,1959949726192,49221038,30015,2022-11-29 11:58:41.541913,2
1959950302256,1959633358992,20341003,1008,2022-11-29 11:58:42.058060,2
1959950302288,1959926433872,79276388,2003,2022-11-29 11:58:42.572411,3
1959950302032,1959633359920,10357004,4003,2022-11-29 11:58:43.087377,1
1959950301744,1959633357040,9017483,1002,2022-11-29 11:58:43.591273,1
1959950302288,1959633355024,19111220,20010,2022-11-29 11:58:44.105255,1
1959950302032,1959633360848,99277754,10010,2022-11-29 11:58:44.606765,1
1959950301744,1959633355312,428974,20012,2022-11-29 11:58:45.108313,3
1959950302288,1959949723888,60246080,2007,2022-11-29 11:58:45.610465,3
1959950302032,1959949728464,19305906,10016,2022-11-29 11:58:46.110581,2
1959950301008,1959949725904,60245844,30017,2022-11-29 11:58:46.624238,1
1959950301808,1959633355056,9247257,40016,2022-11-29 11:58:47.135679,1
1959950302160,1959633355248,49297274,40013,2022-11-29 11:58:47.650220,1
1959950301008,1959949725744,70268811,3002,2022-11-29 11:58:48.152810,1
1959950301808,1959926433872,9306435,20011,2022-11-29 11:58:48.664748,2
1959950301680,1959949727920,20229011,4005,2022-11-29 11:58:49.176151,3
1959950301328,1959949727376,50415196,40015,2022-11-29 11:58:49.684337,1
1959950302000,1959949728368,60400745,4007,2022-11-29 11:58:50.185190,1
1959950301936,1959926433872,80295526,40017,2022-11-29 11:58:50.700120,3
1959950300080,1959949728144,50443627,3003,2022-11-29 11:58:51.201246,3
1959950301744,1959633358352,9278338,4002,2022-11-29 11:58:51.705462,1
1959950302288,1959949725744,50267308,3004,2022-11-29 11:58:52.216461,3
1959950300080,1959633358384,19166180,30011,2022-11-29 11:58:52.717074,1
1959950302384,1959949726448,39216754,30010,2022-11-29 11:58:53.236630,1
1959950302288,1959633361296,19305906,10016,2022-11-29 11:58:53.749139,1
1959950302160,1959633361168,69252712,4001,2022-11-29 11:58:54.251767,1
1959950302384,1959949727792,90392046,2008,2022-11-29 11:58:54.763875,3
1959950302288,1959633361744,40366115,20014,2022-11-29 11:58:55.268362,1
1959950301680,1959633356496,50267308,3004,2022-11-29 11:58:55.781154,2
1959950302384,1959633358608,9306435,20011,2022-11-29 11:58:56.284327,1
1959950302288,1959633359568,40411108,1009,2022-11-29 11:58:56.800741,1
1959950301680,1959949722672,60246080,2007,2022-11-29 11:58:57.302916,3
1959950302384,1959633356976,99279588,4008,2022-11-29 11:58:57.804981,2
1959950301744,1959926433872,70091412,1001,2022-11-29 11:58:58.321814,1
1959950301680,1959926433872,70243873,10014,2022-11-29 11:58:58.839614,2
1959950300080,1959949722928,40415465,4006,2022-11-29 11:58:59.340073,2
1959950301008,1959949725360,20400243,2001,2022-11-29 11:58:59.848178,1
1959950301808,1959633356720,50443627,3003,2022-11-29 11:59:00.363219,2
1959950302160,1959949723856,19252615,2005,2022-11-29 11:59:00.873800,2
1959950301008,1959633359856,19111220,20010,2022-11-29 11:59:01.378503,1
1959950302000,1959949722224,20312492,3006,2022-11-29 11:59:01.896656,2
1959950302160,1959633357712,19304209,3007,2022-11-29 11:59:02.398364,3
1959950302032,1959949727920,70268811,3002,2022-11-29 11:59:02.907412,3
1959950302000,1959633361616,70091412,1001,2022-11-29 11:59:03.427075,3
1959950302256,1959949726384,19252615,2005,2022-11-29 11:59:03.929423,3
1959950302032,1959633356272,50443627,3003,2022-11-29 11:59:04.444725,3
1959950301744,1959633361040,80393372,40014,2022-11-29 11:59:04.946611,2
1959950302256,1959633361264,19305906,10016,2022-11-29 11:59:05.460559,1
1959950302032,1959633355184,60245844,30017,2022-11-29 11:59:05.961254,2
1959950301744,1959949727600,70439728,10015,2022-11-29 11:59:06.477628,2
1959950302256,1959949721808,20341003,1008,2022-11-29 11:59:06.993039,1
1959950301936,1959949728784,40411108,1009,2022-11-29 11:59:07.494526,1
1959950301008,1959949725808,60245844,30017,2022-11-29 11:59:08.008309,1
1959950302288,1959949728560,40366115,20014,2022-11-29 11:59:08.509448,2
1959950302160,1959633355824,50415196,40015,2022-11-29 11:59:09.012224,3
1959950302384,1959949723888,40366115,20014,2022-11-29 11:59:09.527510,2
1959950302288,1959633362736,70439728,10015,2022-11-29 11:59:10.030537,3
1959950301680,1959633356592,90420332,30013,2022-11-29 11:59:10.530931,3
1959950302384,1959633356720,80295526,40017,2022-11-29 11:59:11.033349,1
1959950302288,1959949722928,20400243,2001,2022-11-29 11:59:11.534512,1
2687288475856,2687288475984,30357003,4008,2022-11-29 12:01:59.407236,2
2687288475888,2687288475984,20308701,2001,2022-11-29 12:01:59.935778,1
2687288475920,2687288475856,90363223,2004,2022-11-29 12:02:00.454086,1
2687288475952,2687288475856,49305165,1004,2022-11-29 12:02:00.962280,3
2687288475984,2687288475984,60414257,20017,2022-11-29 12:02:01.479238,3
2687288476016,2687288475920,30099293,4003,2022-11-29 12:02:01.989453,3
2687288476048,2687288475856,80391839,30014,2022-11-29 12:02:02.494823,3
2687288476080,2687288475856,89297272,1009,2022-11-29 12:02:03.012277,3
2687288476112,2687288475952,60414257,20017,2022-11-29 12:02:03.530419,3
2687288476144,2687288475920,69331074,30016,2022-11-29 12:02:04.046032,1
